{
    "schema": "1.0",
    "type": "whmcs-gateways",
    "name": "csapay",
    "license": "proprietary",
    "category": "payments",
    "description": {
        "name": "CSAPay Gateway",
        "tagline": "Accept secure payments, automate process, and more",
        "long": "Our integration with CSA smart Pay Technologies Pvt Ltd lets you accept secure payments through UPI, digital wallets, and other methods. Our integration lets your customers store payment data through tokenized remote storage, letting you charge recurring payments and renewals instantly. \n\n## SignUp Now\n[Learn more and apply &raquo;](https://csasmartpay.co.in/?utm_source=in_whmcs_product&utm_medium=apps)",
        "features": [
            "Accept secure payments through UPI and Digital Wallet",
            "One-time and fully automated recurring billing integration with WHMCS.",
            "Store payment data with tokenized remote storage.",
            "No application or setup fees.",
            "And Many More.."
            
        ]
    },
    "logo": {
        "filename": "logo.png"
    },
    "support": {
        "homepage": "https:\/\/csasmartpay.co.in\/",
       
        "email": "info@csasmartpay.co.in",
       
        "docs_url": "https:\/\/doc.csasmartpay.co.in\/"
    },
    "authors": [
        {
            "name": "CSA Smart Pay Technologies Pvt Ltd",
            "homepage": "https:\/\/csasmartpay.co.in\/"
        }
    ]
}

